command_title,relative_path,category,issue,placeholder_inserted,notes
八爪鱼采集器集成指令-常见问题,commands/bazhuayu/7TUoxB.mdx,bazhuayu,missing_parameter_section,yes,Parameter and description cells intentionally left blank for future maintenance.
新建字典,commands/data-processing/createdictionarycommand.mdx,data-processing,missing_parameter_table,yes,Parameter and description cells intentionally left blank for future maintenance.
钉钉在线表格指令模块,commands/dingtalk/gM80NN.mdx,dingtalk,missing_parameter_section,yes,Parameter and description cells intentionally left blank for future maintenance.
邮件指令模块,commands/email/RlCVx4.mdx,email,missing_parameter_section,yes,Parameter and description cells intentionally left blank for future maintenance.
如何获取邮箱的登录配置信息,commands/email/dtd5Rb.mdx,email,missing_parameter_section,yes,Parameter and description cells intentionally left blank for future maintenance.
飞书在线表格指令模块,commands/feishu/vPhs0M.mdx,feishu,missing_parameter_section,yes,Parameter and description cells intentionally left blank for future maintenance.
谷歌指令模块,commands/google/xnN98S.mdx,google,missing_parameter_section,yes,Parameter and description cells intentionally left blank for future maintenance.
微信、飞书、钉钉群通知模块的使用,commands/group-notification/XZBe1j.mdx,group-notification,missing_parameter_section,yes,Parameter and description cells intentionally left blank for future maintenance.
清空剪切板,commands/os/clearclipboarddatacommand.mdx,os,missing_parameter_table,yes,Parameter and description cells intentionally left blank for future maintenance.
Catch,commands/others/catchcommand.mdx,others,missing_parameter_table,yes,Parameter and description cells intentionally left blank for future maintenance.
EndTry,commands/others/endtrycommand.mdx,others,missing_parameter_table,yes,Parameter and description cells intentionally left blank for future maintenance.
Try,commands/others/trycommand.mdx,others,missing_parameter_table,yes,Parameter and description cells intentionally left blank for future maintenance.
